"name","id"
"S00974_20190806_060002.wav","1pGh12iJxvwGx34C7cyWJbHROTiZ9TaVB"
"S00974_20190805_214418.wav","1ofAZOa9dpOvFDUjCZThp0cEylU9byn6b"
"S00974_20190812_160006.wav","1WTzWECvHABJ9CBd881g5TAQIFm8h6XEN"
"S00974_20190805_094413.wav","1npNGPUz53CjF_yYEWIrBSnCrCAa6801W"
"S00976_20190812_160005.wav","1WWTXkQpWKM_XPl5gAbBxudHgjcDTlX_1"
"S01143_20190812_160006.wav","1WXuwpaHsPh6AsflFTbusc__ZFw-PzjJ_"
"S01143_20190812_140005.wav","19cK4cZmhMxoRAd5gABXlT-wYCJPzsWFA"
"S01143_20190812_130005.wav","19bmE-MA4jhNYlImdSIeqOpoxdD2Rx8gG"
"S00976_20190812_080003.wav","1rRHBDGChn07oPdSTZ580lndy5t0_qwpd"
"S00976_20190812_070002.wav","19YESCa2SOcDy7GwICVHAhDGYoyRhjKt3"
"S00976_20190812_060002.wav","19Ui36E4a6-11Sz8LAI5-RLfEBfwlulr_"
"S00976_20190812_050002.wav","19SMlkgxxMXRW8x5LSb5-jkRkmM8647Uq"
"S00976_20190812_040001.wav","19JNF2Q6rkmGpLPy9-c4a_-MHxD2YhUm7"
"S00976_20190812_030001.wav","19BVP8_R7d_3fBzo0Pcc_KiKXJ655w4pN"
"S00976_20190812_020000.wav","19BFDMa_GfBWsaqWs8WD5MOG7hvPfIQfI"
"S00976_20190812_010000.wav","197Mi05396lBLYHE5PGqogwUZIFCRPeUr"
"S00976_20190812_000000.wav","194cptPncloLBhPTz5iDZLBR-HW9LFXk9"
"S00976_20190811_232129.wav","192q71gcM6QBogLGlf74af8KM1FGfcn3N"
"S00976_20190811_222128.wav","190ol6dXKRoqIX24cmfHq2Nka7FSxqKIT"
"S00976_20190811_212128.wav","1rwkldN_spm3iGC7o1-IvgmWKagR-Ycs7"
"S00976_20190811_202128.wav","1rwAgyoW8wd40W0itl5vy0BbOoXP9L5Gt"
"S00976_20190811_192127.wav","1rubqAkcWtlg_atwr4GKADatAyTB_L7Pt"
"S00976_20190811_182127.wav","1rkqddwXHTzJNsLBhlJ1ELw0qiYD43G9f"
"S00976_20190811_172127.wav","1rjmgTtP2H8yO52lwc9EJCW_b6qzCBRJr"
"S00976_20190811_162126.wav","1rXDuvlS6DQpVkonJJN6YR9XFbP1VUnOd"
"S00976_20190811_152126.wav","1rWCfPWmWcB7qRCF2l9GMt2uwi0-Mf4G8"
"S01143_20190811_110703.wav","1rNwCeXxJeLvtna5HIuWwIveU67QZMh4_"
"S01143_20190811_100702.wav","1rQA_A8p9jKAkr9F-CGR--QW1H4ndjM_b"
"S01143_20190809_095749.wav","1r5vsIL1VyUVlP3bhjx7xZy-zqnk6tDoT"
"S01143_20190809_085748.wav","1rNconwPjSRZvQzc-VpIGU5ePtT6qGtPK"
"S00974_20190808_164219.wav","1quIVm0MROM1ka6GVw1vAx-MrcddRXofo"
"S00974_20190808_154219.wav","1qzC8kOFMz3gcS2I-2-O1GtMmvS8lihj-"
"S00974_20190808_134218.wav","1qv_Qb7-u97k9x9G52FH0fb5UT_wlE569"
"S00974_20190808_100004.wav","1qm9AalMNrFxZXhurqHQ-D0sDxk2j0m2Q"
"S00974_20190808_090003.wav","1p_tgodCwYzfC_XfREHJ7cI8ctJoPAf_w"
"S00974_20190808_080003.wav","1qjLKobiNYXNwgeoMe5SveEx6pZRLTse3"
"S00974_20190808_070002.wav","1qbisBYCYfE2YggPv3CSJWWJ1KGChxcHS"
"S00974_20190808_060002.wav","1qa2Ij4KKn8F1pSDnnxtr7w3ljxipP6tc"
"S00974_20190808_050002.wav","1q_qAAHR2iAAnZN8zpuK-TZ6Wv8d_tHRY"
"S00974_20190808_040001.wav","1qZKUhOlw4wIA2FJE8PifqjXpFElo68ry"
"S00974_20190808_030001.wav","1qWgfRqakJ937TxIFBkm2gsnb1TMZDCqL"
"S00974_20190808_020001.wav","1qUkusmosLZxTgy4QcwO45RwfCnSvBVsl"
"S00974_20190808_010000.wav","1qQYmBF4kchaEIXwKwAMuUmzLyjZeyWm8"
"S00974_20190808_000000.wav","1qEAh8EMfAtQ7tqhy7msnD1JaKtMoX6g1"
"S00974_20190807_223029.wav","1ptgbE-sJm-hazoRnfwDeY4JNvuic9r4b"
"S00974_20190807_213029.wav","1prwygXPSDW6awuOu3wK0Q1pmuzhqRqVE"
"S00974_20190807_203028.wav","1pr6Unl3FZ9OFqBz5otz2bDBAq6nypgqw"
"S00974_20190807_193028.wav","1pomKxBh2QpZfu4qa0XG97i8wkD1om1Az"
"S00974_20190807_183027.wav","1pmds7I_1wmqRIpJe9uPebefCxRLeYRzk"
"S00974_20190807_173027.wav","1plAppa4TZF36nI3Jl-b33dqXiyOtcrw7"
"S00974_20190807_163027.wav","1peKKxluUPy_gSJdn4Dq95P8iEx-sd1yI"
"S00974_20190807_153026.wav","1pc_PrqJURApUwENqxuvEETAE_fsmTY7d"
"S01143_20190806_150005.wav","1pTe5D9zVRJu5tP4j3nRRCoi3uQjH-Cm5"
"S01143_20190806_140005.wav","1p_lRT9_CnGEhkGhhbnejjmLPt9yCD7KZ"
"S00974_20190806_100004.wav","1nhPkFduYIFRtpIyDEMBKa7qwEOKcm-QN"
"S00974_20190806_090003.wav","1opPoO9DgMaW6wvVPoxBT2hlw1LqAz0uz"
"S00974_20190806_080003.wav","1pInpZn3FgXvQ5vd2_sAuAq_bxW5tK9F6"
"S00974_20190806_070002.wav","1pLqtIaTawtTB5Tz6EqkSOpczL8lnnQL_"
"S00974_20190806_050002.wav","1pCxo9IG6tMS0_0VWn3haK9jxDcmkr-j-"
"S00974_20190806_040001.wav","1p4WNV6T6RP8ybIgoTotj4kEwgnBggJZc"
"S00974_20190806_030001.wav","1p0s9bimFgkJ4l_LmsFR4Sv9kdkrosGTo"
"S00974_20190806_020001.wav","1p0DR80FPEMWh9FcExW903FPKRqq_g43r"
"S00974_20190806_010000.wav","1oyYQrkmrDR9JdutV3Ji0T3ImD7_k0Fv3"
"S00974_20190806_000000.wav","1osos3RkzsTHPBvC73l3zzbOKsd2bIWDm"
"S00974_20190805_224418.wav","1org8JU8FpGLxIXObcvVlGi8sD8BrnUNC"
"S00974_20190805_204417.wav","1oav4lty1J2MGtoeLiMIcaIsFHeW8IKKA"
"S00974_20190805_194417.wav","1o_dSfSjRehUn7bB1PFFedn__TGK4KyaP"
"S00974_20190805_184416.wav","1o_HLdYDYt6AZAQGOUhL1hUYMiDCRkFMr"
"S00974_20190805_174416.wav","1oWPNMleg-qnIDvUs3IGKdam3r5LsQtnh"
"S00974_20190805_164416.wav","1oTlFLk7CJ7Q41TNuM8GjjftQSPmW_-FI"
"S00974_20190805_154415.wav","1oTUnSryvYqfDLDLTN_U8u8y5pE0xlJqi"
"S00974_20190805_144415.wav","1oQDhNM6Jp90Pt9co8jyKDyttOOYIIGa8"
"S00974_20190805_134415.wav","1oHxe0E5zAwuNE-kXu2AhJhFlcCuojyzB"
"S00974_20190805_124414.wav","1o-2bmsY6mtumcScgGzBxBRgo3ESSuahb"
"S00974_20190805_114414.wav","1ny6jm2o0NWETxwwTBPRI9XO76LFnoRJY"
"S00974_20190805_104413.wav","1nsDZqjMVC-xnpS8PlV_g77gG5y05BaU_"
"S00974_20190805_084413.wav","1nlSFhG7XjdpBxfLHYvBqlXYZcmRmqnBW"
